353178,Dhis04_NHM_353178
353179,Dhis04_NHM_353179
353180,Drep04_NHM_353180
353181,Drep04_NHM_353181
353182,Dhis02_NHM_353182
353183,Dhis02_NHM_353183
353184,Dbus01_NHM_353184
353185,Dbus01_NHM_353185
353186,Drep10_NHM_353186
353187,Dfun05_NHM_353187
353188,Dfun03_NHM_353188
353189,Dfun05_NHM_353189
353190,Dimm03_NHM_353190
353191,Dimm03_NHM_353191
353192,Dfun07_NHM_353192
353193,Dfun07_NHM_353193
353194,Dfun10_NHM_353194
353195,Dfun10_NHM_353195
353196,Drep10_NHM_353196
353197,Dfun08_NHM_353197
353198,Dfun08_NHM_353198
353199,Dfun01_NHM_353199
353200,Dfun01_NHM_353200
353201,Dbus07_NHM_353201
353202,Dimm02_NHM_353202
353203,Dimm02_NHM_353203
353204,Dfun09_NHM_353204
353205,Dfun09_NHM_353205
353206,Dfun04_NHM_353206
353207,Dfun04_NHM_353207
353208,Dhis04_NHM_353208
353209,Dbus07_NHM_353209
353210,Drep04_NHM_353210
353211,Dbus07_NHM_353211
353212,Dhis02_NHM_353212
353213,Dfun03_NHM_353213
353214,Dbus01_NHM_353214
353215,Dfun03_NHM_353215
353216,Drep10_NHM_353216
353217,Dfun04_NHM_353217
353218,Dfun06_NHM_353218
353219,Dfun05_NHM_353219
353220,Dfun09_NHM_353220
353221,Dfun06_NHM_353221
353222,Dimm03_NHM_353222
353223,Dbus05_NHM_353223
353224,Dbus05_NHM_353224
353225,Dfun07_NHM_353225
353226,Dhis05_NHM_353226
353227,Dfun10_NHM_353227
353228,Dhis05_NHM_353228
353229,Dfun06_NHM_353229
353230,Dbus08_NHM_353230
353231,Dbus05_NHM_353231
353232,Dbus08_NHM_353232
353233,Dhis05_NHM_353233
353234,Dhis01_NHM_353234
353235,Dbus08_NHM_353235
353236,Dhis01_NHM_353236
353237,Dhis01_NHM_353237
353238,Dfun02_NHM_353238
353239,Dfun02_NHM_353239
353240,Dimm02_NHM_353240
353241,Drep02_NHM_353241
353242,Dfun01_NHM_353242
353243,Drep02_NHM_353243
353244,Drep05_NHM_353244
353245,Drep05_NHM_353245
353246,Dhis03_NHM_353246
353247,Dhis03_NHM_353247
353248,Dbus04_NHM_353248
353249,Dbus04_NHM_353249
353250,Drep01_NHM_353250
353251,Drep01_NHM_353251
353252,Dfun08_NHM_353252
353253,Drep07_NHM_353253
353254,Dimm01_NHM_353254
353255,Drep07_NHM_353255
353256,Drep08_NHM_353256
353257,Dbus09_NHM_353257
353258,Dbus10_NHM_353258
353259,Drep03_NHM_353259
353260,Dbus03_NHM_353260
353261,Drep03_NHM_353261
353262,Dbus02_NHM_353262
353263,Drep08_NHM_353263
353264,Dbus09_NHM_353264
353265,Dimm05_NHM_353265
353266,Drep09_NHM_353266
353267,Dimm04_NHM_353267
353268,Dbus10_NHM_353268
353269,Dbus10_NHM_353269
353270,Dbus03_NHM_353270
353271,Dbus03_NHM_353271
353272,Dbus02_NHM_353272
353273,Dbus02_NHM_353273
353274,Drep06_NHM_353274
353275,Drep06_NHM_353275
353276,Dbus06_NHM_353276
353277,Drep08_NHM_353277
353278,Drep03_NHM_353278
353279,Dbus06_NHM_353279
353280,Drep09_NHM_353280
353281,Drep07_NHM_353281
353282,Drep01_NHM_353282
353283,Dbus04_NHM_353283
353284,Dhis03_NHM_353284
353285,Drep05_NHM_353285
353286,Drep02_NHM_353286
353287,Dfun02_NHM_353287